<?xml version="1.0" encoding="UTF-8"?>

<root>
  <map key="db" value="pinyougoudb"/>
  <map key="author" value="\u80e1\u658c"/>
  <map key="project" value="pyg"/>
  <map key="path_3" value="manager"/>
  <map key="dbpassword" value="admin"/>
  <map key="path_2" value="pyg"/>
  <map key="projectComment" value="\u54c1\u4f18\u8d2d"/>
  <map key="package" value="com.pyg.manager"/>
  <map key="path_1" value="com"/>
  <map key="dbuser" value="root"/>
  <map key="path_all" value="com/pyg/manager"/>
</root>
